existing_column,new_column
0.8258194529312323,0.5489189679070048
